Number,Name,Symbol,Market Cap,Price,Circulating Supply,Volume (24hr), 1h, 24h, 7d
1,Bitcoin,BTC,150702985544,8940.74,16855762,8103300000,-0.63,11.22,3.58
2,Ethereum,ETH,87546972836,897.729,97520490.97,3062570000,-0.41,11.99,-0.25
3,Ripple,XRP,40627708203,1.04149,39009215838,2504810000,-0.37,32.86,23.94
4,Bitcoin Cash,BCH,22946391403,1353.04,16959137.5,1149550000,0.11,7.89,18.32
5,Cardano,ADA,11637287830,0.448847,25927070538,760372000,-0.71,27.62,23.61
6,Litecoin,LTC,9109557125,165.179,55149608.15,769065000,-1.62,13.37,28.81
7,Stellar,XLM,8047185802,0.436583,18432201441,212032000,0.05,21.88,14.83
8,NEO,NEO,7740330000,119.082,65000000,304126000,-1.08,6.72,2.78
9,EOS,EOS,6547180860,9.92927,659381894.2,606048000,-1.05,19.34,6.47
10,IOTA,MIOTA,5585632876,2.00956,2779530283,59312900,-0.29,15.06,14.81
11,NEM,XEM,5516504999,0.612945,8999999999,75265600,-0.73,14.66,10.43
12,Dash,DASH,5210212762,661.606,7875099.019,110256000,0,12.34,15.89
13,Monero,XMR,4181761227,266.286,15704022.09,85910600,-0.14,11,14.78
14,TRON,TRX,3550948104,0.0540083,65748192476,462272000,-0.79,51.31,40.5
15,Lisk,LSK,3515094194,29.8126,117906328,126825000,-2.02,25.47,43.6
16,Bitcoin Gold,BTG,2739809866,162.937,16815148.59,106877000,-1.61,45.68,54.81
17,Ethereum Classic,ETC,2592309824,25.9893,99745273,386020000,-0.83,16.59,16.57
18,Qtum,QTUM,2411725390,32.648,73870540,506665000,-2.18,10.36,15.75
19,Tether,USDT,2229179888,1.00543,2217140814,2196860000,0.45,-0.29,1
20,VeChain,VEN,2210556739,4.74301,466066219.3,57655300,0.32,14.07,-1.95
21,ICON,ICX,1732902952,4.5424,381495014,51529600,-1.99,8.22,-11.03
22,Zcash,ZEC,1608221211,495.511,3245581.25,129194000,-1.65,20.49,35.12
23,OmiseGO,OMG,1363094611,13.3581,102042551.8,41297300,-0.94,11.93,3.73
24,Nano,XRB,1354682057,10.1666,133248289.2,55764700,-2,-6.85,-36.55
25,Populous,PPT,1262203657,34.1099,37004026.89,13025400,0.36,4.46,-36.95
26,Steem,STEEM,1131932190,4.54244,249190344.8,62147800,-1.15,11.69,13.05
27,Binance Coin,BNB,984926912.9,9.94735,99014000,95858600,-3.56,17.74,6.69
28,Bytecoin,BCN,925831659.2,0.00503942,183717899926,6730950,-1.83,15.08,11.78
29,Status,SNT,897824567.4,0.258703,3470483788,341355000,0.49,20.92,59.91
30,Verge,XVG,866455937.1,0.0594398,14577033186,29734200,-3.22,18.13,11.59
31,Stratis,STRAT,843833234.9,8.54648,98734594.23,16280800,-0.66,19.13,-4.05
32,Siacoin,SC,842238770.9,0.026016,32373876495,27132100,-5.02,22.52,2.09
33,BitShares,BTS,706362744.4,0.270801,2608420000,28385000,-0.66,19.74,-13.2
34,Maker,MKR,688798470.1,1114.15,618227.7701,722157,-1.94,12.77,-0.77
35,Aeternity,AE,682216366.4,2.92771,233020472.1,8714960,0.17,5.33,13.36
36,Augur,REP,641121800,58.2838,11000000,6368040,-0.55,15.24,6.32
37,Walton,WTC,628248256,25.2327,24898178,8871200,0.17,15.06,3.73
38,Waves,WAVES,609998000,6.09998,100000000,25452900,-0.45,12.77,0.48
39,Veritaseum,VERI,597030390.9,293.144,2036645.44,122630,-0.88,9.66,-12.8
40,0x,ZRX,592685118.1,1.16861,507171013.5,10943200,-1.49,12.98,-6.23
41,Dogecoin,DOGE,587683690,0.00519463,113132925740,12385000,0.24,17.85,17.53
42,KuCoin Shares,KCS,569148506.2,6.25142,91043076,3438660,-1.3,10.99,-5.49
43,Hshare,HSR,556692466.8,13.0664,42604884.8,81463400,-2.04,24.35,17.05
44,DigixDAO,DGD,554990000,277.495,2000000,17205200,1.63,-1.52,-32.53
45,Decred,DCR,545112519.4,81.0426,6726246.682,1796600,-1.55,10.75,2.64
46,Ardor,ARDR,535035158.5,0.535571,998999495,45230800,-1.16,13.26,10.38
47,RChain,RHOC,509627674,1.48076,344166288.9,856304,-5.14,8.02,-7.38
48,Komodo,KMD,479490819.5,4.64688,103185539.4,3997260,0.4,15.63,6.9
49,Revain,R,461023552.5,2.49945,184450000,12486500,0.61,34.04,76.86
50,Kyber Network,KNC,455760101.6,3.39783,134132696.9,10372700,-0.29,13.43,2.52
51,Ark,ARK,450626532.1,4.48229,100534890,7665200,-0.94,12.13,0.01
52,Electroneum,ETN,435124502.6,0.0712286,6108845360,2472920,-2.28,10.01,2.63
53,Dentacoin,DCN,420290352.1,0.0012923,325226613094,803471,2.24,22.82,8.02
54,Gas,GAS,412155924.5,42.5861,9678179.605,7343900,-2.94,6.04,-7.38
55,Loopring,LRC,406355887.4,0.724081,561202251.4,2441350,1.18,16.88,-4.09
56,Dragonchain,DRGN,401342804.3,1.68333,238421940,2341520,1.37,15.75,-5.54
57,Basic Attenti...,BAT,395683000,0.395683,1000000000,5664240,-0.61,8.55,-3.04
58,DigiByte,DGB,393930290.1,0.0401137,9820342927,9428010,-1.48,25.63,-0.85
59,Zilliqa,ZIL,392312341.6,0.0602724,6508988220,16555000,-0.83,6.38,-14.6
60,Bytom,BTM,362024691,0.366793,987000000,18208800,-0.19,26.72,10.47
61,Ethos,ETHOS,353264749.2,4.67274,75601199.56,4764270,-2.18,13.9,24.44
62,ZClassic,ZCL,352763462,107.54,3280300,5273590,-1.27,16.06,6.35
63,PIVX,PIVX,349652337.3,6.29676,55528928.73,16431900,-1.43,15.77,9.74
64,Byteball Bytes,GBYTE,345367363.1,535.269,645222.0529,731279,-2.87,25.93,-1.36
65,QASH,QASH,339854200,0.971012,350000000,4278500,-0.54,18.05,5.57
66,aelf,ELF,335467500,1.34187,250000000,46897700,-0.48,10.4,-12.92
67,Nebulas,NAS,314860505,8.86931,35500000,8193650,-0.88,16.44,0.73
68,E-coin,ECN,311295823.9,62.4938,4981227.32,451915,4,47.43,1015.03
69,Pillar,PLR,305275463.2,1.34255,227384800,476964,-3.28,1.42,-0.72
70,Golem,GNT,302240608.7,0.362285,834262000,5603580,-1.11,15.43,0.1
71,IOStoken,IOST,301655083.5,0.0443995,6794109922,46410900,-2.63,20.74,0.52
72,Cryptonex,CNX,295825068.4,6.55827,45107180.46,238955,-4.77,9.65,4.74
73,Dent,DENT,293886640.8,0.0276866,10614760961,4172390,-0.77,10,18.12
74,Power Ledger,POWR,292618563.9,0.804256,363837588.9,17968100,2.66,20.81,20.93
75,Syscoin,SYS,292134645.4,0.55032,530845045.5,4271520,-3.39,10.14,14.65
76,Bitcore,BTX,291482177,26.0974,11169012.13,1592220,-0.98,12.67,11.27
77,GXShares,GXS,287880000,4.798,60000000,22279600,1.02,13.93,3.53
78,Cindicator,CND,285484942.1,0.197434,1445976590,5412800,-1.77,7.08,2.02
79,FunFair,FUN,285299677.4,0.063348,4503688789,7813330,0.31,4.68,19.64
80,MonaCoin,MONA,252033267.8,4.39713,57317674.89,5600720,-1.62,19.89,9.12
81,SALT,SALT,251846621.6,4.75394,52976398.87,4763380,-0.76,10.84,1.99
82,Factom,FCT,249497760.1,28.53,8745102,5509600,-1.16,13.13,-0.03
83,Enigma,ENG,242161617.7,3.23589,74836171.09,21605500,-3.12,36.52,19.37
84,Aion,AION,241785856.5,3.05032,79265734.91,3383370,-1.99,11.72,-7.28
85,SmartCash,SMART,240240730.5,0.351265,683930168.1,306068,-2,12.23,2.91
86,Experience Po...,XP,223058670,0.00104333,213794935483,1319440,8.21,49.55,93.94
87,Kin,KIN,222989804.9,0.000294922,756097560976,283177,-4.38,8.88,-6.46
88,ZCoin,XZC,220132034,54.0757,4070812.473,7044250,-0.59,10.8,0.93
89,Bancor,BNT,216773733.4,5.44119,39839397.88,7811490,-0.37,13.46,-4.45
90,Particl,PART,213564442.4,24.088,8866009.73,463162,-1.31,20.43,8.99
91,Quantstamp,QSP,208015121.5,0.336968,617314170.8,12957000,-1.12,9.77,25.76
92,Nxt,NXT,207162617.9,0.20737,998999941.5,11276400,0.79,17.07,-3
93,MaidSafeCoin,MAID,205891435.2,0.454956,452552412,1815710,-0.44,15.96,8.25
94,SingularityNET,AGI,202805535.5,0.446272,454443782,1071950,-2.25,5.64,-15.63
95,ReddCoin,RDD,202795579.6,0.0070562,28740055495,2403390,2.27,19.83,0.51
96,Ignis,IGNIS,199217250.6,0.261734,761143950,21885400,-3.4,24.36,0.47
97,Request Network,REQ,198076005.4,0.308788,641462768.6,4207040,-1.64,11.44,-1.15
98,TenX,PAY,183153106,1.74996,104661310,4489300,-0.92,14.36,-5.42
99,Nexus,NXS,178538423.7,3.21578,55519476.98,1074130,-2.9,5.82,-12.08
100,XPlay,XPA,177426000,0.177426,1000000000,1457230,-1.85,-0.43,25.21
101,Substratum,SUB,177183346.7,0.78368,226091448.9,7238750,0.34,24.54,14.43
102,Iconomi,ICN,174675087.3,1.75138,99735686.88,1125240,-0.69,8.99,-5.92
103,Emercoin,EMC,166839436.3,4.04134,41283197.24,982098,-1.55,7.44,-0.54
104,WAX,WAX,165500612.7,0.335732,492954537.4,4272380,-9.23,4.54,-1.4
105,DigitalNote,XDN,165248252.2,0.0239648,6895457180,14400700,-0.68,42.82,30.78
106,Civic,CVC,164327718,0.479509,342699966,11431800,-0.3,5.9,17.17
107,Neblio,NEBL,163305362.1,12.7556,12802640.57,2006800,-0.64,13.37,0.67
108,Gnosis,GNO,163232996.4,147.777,1104590,523213,-1.04,9.08,-5.96
109,ChainLink,LINK,159749800,0.456428,350000000,4156580,-1.09,14.34,-3.97
110,GameCredits,GAME,156865526.9,2.43749,64355352,2126410,-0.52,9.64,-9.59
111,High Performa...,HPB,154035019.3,6.93333,22216600,13896500,-1.16,21.2,-6.73
112,Raiden Networ...,RDN,152221077.4,3.03538,50148936,4468910,-2.12,12.15,-0.27
113,PayPie,PPP,149754000,1.8152,82500000,267950,18.9,20.68,12.96
114,Vertcoin,VTC,148302689.1,3.46001,42861925,2462070,-0.61,13.05,12.57
115,BitcoinDark,BTCD,147434234.1,114.391,,22349.6,-2.04,12.42,11.67
116,Storm,STORM,147234159.6,0.0538373,2734798357,3941450,-0.16,45.16,22.06
117,MediBloc,MED,145066268.2,0.0489034,2966384100,1915400,-2.91,15.65,-5.56
118,Storj,STORJ,144885408.1,1.08589,133425492.6,10614600,0.05,15.52,8.7
119,Blocknet,BLOCK,144732197.2,28.9,5008034.504,248715,-1.04,12.59,-0.81
120,Po.et,POE,142792999.8,0.0644167,2216707776,10062800,-3.78,21.18,6.2
121,SuperNET,UNITY,137974660.1,169.074,816060.7785,52987.8,0.45,14.73,48.74
122,Achain,ACT,136407600,0.454692,300000000,12825800,-5.65,18.74,18.39
123,Skycoin,SKY,130307208.6,17.7117,7357126,1198300,5.08,15.96,8.17
124,DEW,DEW,129039172.1,1.24984,103244553,357240,-1.12,12.15,-4.43
125,Aragon,ANT,127683505.9,4.78629,26676926.36,485127,-0.5,12.15,-8.65
126,HTMLCOIN,HTML,127556980.3,0.00196182,65019716560,318896,0.13,14.56,-1.37
127,Time New Bank,TNB,127033872,0.0778574,1631622325,5415350,-2.25,16.57,6.78
128,Decentraland,MANA,126332269,0.120197,1051043445,19735300,-1.52,8.25,30.88
129,ZenCash,ZEN,126065197.7,39.5893,3184325,1140940,-1.42,3.64,2.22
130,Enjin Coin,ENJ,124763450.2,0.164989,756192535.1,1677120,-0.04,12.84,0.36
131,Bluzelle,BLZ,122053305,0.739717,165000000,26605400,-1.99,-2.9,
132,Ubiq,UBQ,119636465.2,3.02453,39555390.48,529851,-0.16,17.75,-6.62
133,SIRIN LABS Token,SRN,118853004.1,1.20127,98939459.12,18318600,2.06,7.64,-10.1
134,iExec RLC,RLC,118578515.1,1.49965,79070793.24,5719460,-1.34,11.17,-11.73
135,Dynamic Tradi...,DTR,115089224.8,0.115408,997237841,54837.7,-0.79,8.52,5.49
136,Santiment Net...,SAN,111225918.1,1.77506,62660370.96,5589860,1.16,10.58,2.24
137,BridgeCoin,BCO,110829060,4.10478,27000000,62943.7,-0.62,14.56,3.21
138,AirSwap,AST,109245300,0.728302,150000000,2718560,0.67,19.06,-5.4
139,Agoras Tokens,AGRS,107794260,2.56653,42000000,180707,0.53,11,6.22
140,BLOCKv,VEE,107391705.3,0.0718353,1494971209,962605,-1.47,9.41,-6.93
141,SophiaTX,SPHTX,107297095.1,0.565912,189600317.9,401345,-1.1,20.72,-10.49
142,Bibox Token,BIX,105327795.7,1.00071,105253066,16371800,-1.57,20.16,-11.71
143,Monaco,MCO,104178673.8,7.89499,13195542.22,3854580,-1.65,16.72,-11.52
144,NAV Coin,NAV,104021240.9,1.66669,62411870.78,946748,-0.22,16.03,-1.16
145,Red Pulse,RPX,103806187.6,0.191049,543348500,3357290,1.55,13.04,21.64
146,ETHLend,LEND,102094156.5,0.0978989,1042852948,4341970,-0.91,17.72,0.4
147,VIBE,VIBE,102088793.3,0.510693,199902472.4,4360830,-0.89,10.47,2.4
148,IoT Chain,ITC,97593887.55,2.54632,38327424.5,10969100,-1.48,6.46,-18.07
149,CRYPTO20,C20,96355427.11,2.44961,39335007.25,2793050,-1.59,15.3,-1.1
150,PACcoin,PAC,94837266.83,0.0000369164,2568973866070,547309,2.23,62.56,-9.69
151,SingularDTV,SNGLS,93936600,0.156561,600000000,718605,-0.52,13.62,-10.55
152,Asch,XAS,93632026.27,1.01145,92572076,1573070,-2.12,9.42,-2.9
153,Ripio Credit ...,RCN,92620971.11,0.188817,490533008.8,4680930,-0.91,10.86,-0.7
154,DeepBrain Chain,DBC,91073700,0.101193,900000000,3723580,-5.93,15.23,3.5
155,MediShares,MDS,90694394.98,0.187963,482511957,8552820,-0.96,10.84,4.25
156,Cobinhood,COB,90320724.65,0.252776,357315269.8,822.886,-1.01,1.44,3.39
157,Peercoin,PPC,89117414.12,3.62069,24613378.7,786144,-0.85,9.19,7.03
158,XTRABYTES,XBY,88105710,0.204897,430000000,273375,-1.92,10.88,0.5
159,Einsteinium,EMC2,87755917.67,0.405436,216448262.3,12288000,-1.31,20.33,10.88
160,Metal,MTL,87694259.25,4.54351,19300994,23136400,-0.72,10,41.34
161,Simple Token,OST,86567898.07,0.317227,272889439,4586390,-0.65,8.75,-2.3
162,CyberMiles,CMT,85693326.64,0.193259,443411828.9,8666490,-1.27,9.81,-13.64
163,UTRUST,UTK,84780835.97,0.319785,265118238.7,3181830,-0.67,7.64,-3.96
164,SONM,SNM,84602013.2,0.235267,359600000,1086960,-0.92,15.18,3.77
165,Ambrosus,AMB,83771817.78,0.579371,144590975,980211,-0.46,7.88,-6.07
166,Counterparty,XCP,83728844.37,31.9916,2617213.405,1340330,-2.61,20.34,-2.3
167,BitBay,BAY,82283180.23,0.0814899,1009734706,1846280,0.16,24.08,2.28
168,Theta Token,THETA,81177709.43,0.14412,563264706,15382100,-0.93,16.98,-15
169,WaBi,WABI,79351927.62,1.75371,45248032.81,1546830,-1.85,15.98,-7.89
170,Edgeless,EDG,78357393.38,0.955039,82046276,1505580,-0.78,17.76,10.65
171,Quantum Resis...,QRL,77438400,1.4892,52000000,681234,-2.08,9.87,15.83
172,Telcoin,TEL,77289143.41,0.00368559,20970629778,1142150,-5.04,6.5,-6.33
173,AdEx,ADX,76323770.41,1.26682,60248315,11762200,-0.09,16.26,0.81
174,SpankChain,SPANK,75626235.48,0.252051,300043386,596383,-0.82,28.59,19.97
175,Centra,CTR,74527320,1.09599,68000000,8332440,-0.04,11.2,10
176,Trinity Netwo...,TNC,72630999.93,0.217893,333333333,3780220,-2.91,8.32,-14.24
177,Nuls,NULS,71953718.56,3.05343,23564882.3,5075190,-0.23,4.31,2.45
178,Triggers,TRIG,71826919.06,2.23721,32105577.51,4165980,0.04,42.24,29.81
179,Oyster,PRL,71788524.69,1.04546,68666926.22,4746450,-12.57,73.53,40.92
180,Viacoin,VIA,70779570.9,3.08004,22980081.72,1427950,-2.09,15.9,4.61
181,Melon,MLN,70073456.4,116.906,599400,231058,-0.82,12.84,3.55
182,Streamr DATAcoin,DATA,70002202.19,0.103377,677154514,989521,-0.49,17.65,-14.65
183,INS Ecosystem,INS,69936839.05,2.49739,28003971.77,9643930,-2.62,13.02,-7.78
184,AppCoins,APPC,69239885.05,0.692023,100054311.8,5746150,-3.1,15.13,-1.75
185,MobileGo,MGO,68260251.86,0.696328,98028877,254529,0.69,11.45,57.87
186,Gulden,NLG,68149084.49,0.173908,391868600,203373,1.43,7.2,5.55
187,Modum,MOD,66604775.71,3.64634,18266200,868209,-0.84,22.7,1.14
188,Tierion,TNT,66297621.39,0.154727,428481269.5,5268250,-2.38,22.58,5.06
189,Eidoo,EDO,65379468.16,2.23432,29261461.28,1550720,-0.4,15.36,3.57
190,Unikoin Gold,UKG,63703593.71,0.453654,140423304.4,991098,-2.23,16.01,-3.28
191,ION,ION,62992865.18,3.21071,19619606,2524260,0.4,13.29,8.2
192,Etherparty,FUEL,62634321.79,0.129104,485146252.6,720958,-0.66,13.46,2.58
193,Genesis Vision,GVT,61453871.68,16.4898,3726780.9,1234410,0.24,21.42,4.29
194,Electra,ECA,60211306.19,0.00262586,22930128109,78302.1,-3.52,5.91,2.07
195,LBRY Credits,LBC,59096541.12,0.400661,147497613,1113270,-2.12,12.22,-3.51
196,Wings,WINGS,59026378.66,0.657981,89708333,853218,-1.12,12.04,-18.23
197,Metaverse ETP,ETP,59008363.31,1.58207,37298200.02,2812150,-0.18,11.95,-15.9
198,NAGA,NGC,58412274.1,1.01283,57672338,352399,-0.31,10.83,-3.99
199,CoinDash,CDT,58311908.6,0.0895389,651246649.2,1415940,-0.97,24.92,1.06
200,Wagerr,WGR,57115398,0.312106,183000000,150282,-0.65,-3.78,0.04
201,OriginTrail,TRAC,56827476.21,0.223284,254507605.6,220331,6.97,12.14,-17.91
202,Burst,BURST,55268091.97,0.0306987,1800339818,1139120,-2.17,19.21,-1.78
203,ATMChain,ATM,55107875.56,0.011825,4660285460,23238.6,0.49,9.49,-2.96
204,Internet Node...,INT,54973350,0.366489,150000000,2502820,-2.73,10.18,-16.01
205,Aeon,AEON,54391609.86,3.51647,15467673.51,162619,-0.84,23.06,16.57
206,indaHash,IDH,53893155.25,0.134755,399934364.2,243834,7.64,1.44,-20.35
207,district0x,DNT,53362980,0.0889383,600000000,2942280,-1.06,18.82,-9.9
208,Bread,BRD,53242523.2,0.889029,59888398.69,4812340,-2.08,6.5,-9.71
209,ECC,ECC,53142750,0.00212571,25000000000,54964,-0.99,14.49,15.38
210,QLINK,QLC,53081280,0.221172,240000000,1178150,-4.62,19.37,-5.72
211,adToken,ADT,52360680,0.0872678,600000000,5867920,-4.6,23.19,7.59
212,Energo,TSL,52277789.14,0.0898199,582029028.5,3889650,-3.07,61.12,52.89
213,CloakCoin,CLOAK,52195552.04,10.3282,5053693,269598,-0.77,11.41,19.58
214,Mercury,MER,52063700,0.520637,100000000,26813700,-1.63,16.98,18.57
215,MinexCoin,MNX,50668200,16.8894,3000000,68777.2,2.94,8.48,5.95
216,DECENT,DCT,50659221.83,0.987392,51306089,673347,-0.58,9.57,2.93
217,Decision Token,HST,50208856.67,1.59736,31432398.88,267669,-5.17,9.91,7.75
218,Cappasity,CAPP,49118569.38,0.149243,329118078.5,254445,-0.32,8.79,-5.39
219,Hive,HVN,49047750,0.130794,375000000,74266.4,-2.4,17.71,13.97
220,SaluS,SLS,49029009.64,48.5477,1009914.159,302596,3.84,18.98,-1.8
221,Groestlcoin,GRS,48616807.74,0.700559,69397163.89,4269970,2.7,21.47,26.57
222,carVertical,CV,48350329.13,0.00934922,5171589622,871089,-1.46,4.12,33.13
223,Odyssey,OCN,48305600,0.0241528,2000000000,11171000,-4.32,3.99,-18.75
224,Datum,DAT,48045175.98,0.0595792,806408545,6674530,0.12,7.41,2.33
225,Gifto,GTO,47748473.3,0.302471,157861326.5,5595080,0.6,9.06,12.74
226,All Sports,SOC,47482203.4,0.107926,439951479.7,5348420,-1.97,18.74,10.39
227,DeepOnion,ONION,47463625.99,4.74624,10000258.31,177843,-2.44,-1.36,-2.67
228,BitDegree,BDG,46007437.68,0.132916,346139198.3,133184,-1.02,1.6,3.99
229,Lykke,LKK,45954218.49,0.169832,270586335.3,44740.2,-0.34,-0.65,-16.2
230,TokenCard,TKN,45850505.29,1.87495,24454254.94,120978,-0.42,11.2,-23.96
231,COSS,COSS,45816659.53,0.709292,64594919.35,518995,-2.67,4.63,2.21
232,Presearch,PRE,45395935,0.292877,155000000,37216.2,-1.18,3.14,-0.82
233,Safe Exchange...,SAFEX,45093996.78,0.0292219,1543157590,104950,2.83,34.58,19.14
234,Viberate,VIB,44815780.34,0.271666,164966467.4,4555500,0.57,10.76,-12.33
235,Pura,PURA,44764700.38,0.25916,172729975.2,75738.1,1.01,13.76,-7.98
236,FirstBlood,1ST,44607139.84,0.521365,85558370.5,1254200,2.07,17.91,-5.8
237,TaaS,TAAS,44195801.39,5.42546,8146000.779,263792,-0.53,9.39,-6.17
238,Crown,CRW,43438253.47,2.53553,17131823.91,84490.7,-1.45,6.26,-6.81
239,Qbao,QBT,43182900.07,0.66078,65351403,6291870,-0.87,15.53,-33.56
240,Lunyr,LUN,43087272.86,18.7511,2297853.079,3271720,-1.13,8.45,-12.2
241,Ink,INK,43033293.25,0.241421,178250000,32642500,-0.36,13.94,-4.29
242,HempCoin,THC,41746156.8,0.181128,230478759.8,377391,-1.27,18.91,0.5
243,Delphy,DPY,39604117.21,1.30563,30333338.86,1032330,-5.28,6.19,-17.45
244,Spectrecoin,XSPEC,39163802.45,1.88421,20785264.09,116477,1.37,21.49,5.14
245,Voxels,VOX,38979360,0.185616,210000000,5996730,-0.06,26.2,-2.24
246,Feathercoin,FTC,38923890.77,0.203571,191205480,1081160,-3.73,27.28,14.26
247,Steem Dollars,SBD,38409607.76,4.51713,8503099.924,26213300,-1.72,29.28,25.32
248,I/O Coin,IOC,38070769.77,2.30374,16525636.47,63465,-2.64,12.47,-4.67
249,Mooncoin,MOON,38017601.75,0.000170096,223506735917,29569.7,13.78,24.95,19.02
250,SwftCoin,SWFTC,37788975,0.0215937,1750000000,25744900,1.27,19.27,-4.34
251,Namecoin,NMC,37583714.56,2.5504,14736400,204128,-1,12.31,-9.55
252,Shift,SHIFT,37498339.48,3.20423,11702761.5,1329640,-4.13,13.89,-5
253,Cofound.it,CFI,37216400,0.114512,325000000,582540,-0.65,16.37,-3.08
254,PotCoin,POT,36804602.07,0.167788,219351813.4,345806,-1.11,18.37,6.24
255,Lamden,TAU,36738020.2,0.258326,142215728.2,200228,-2.12,37.16,13.31
256,Monetha,MTH,36233465.64,0.166995,216973356.3,713521,-0.76,15.71,-3.02
257,WeTrust,TRST,36083855.23,0.391588,92147500,287677,-1.31,7.18,0.28
258,bitCNY,BITCNY,35978512.92,0.171928,209265000,52718700,-0.2,-1.75,10.16
259,YOYOW,YOYOW,35899927.79,0.155118,231436247.2,1303090,-0.69,16.97,-4.42
260,Blocktix,TIX,35669440,0.891736,40000000,12398600,2.34,19.43,9.46
261,Diamond,DMD,35362762.04,13.3869,2641594.547,31437.8,-1.49,11.22,-1.11
262,Pepe Cash,PEPECASH,35133155.01,0.0500555,701884009,285465,-0.25,8.2,-2.14
263,Bloom,BLT,34318689.61,0.869196,39483257.64,934012,-1.27,6.41,2.79
264,SIBCoin,SIB,33992422.89,2.08165,16329557.27,343658,-0.63,16.82,6.37
265,Nimiq,NET,33699225,3.20945,10500000,137743,-0.31,9.21,-1.14
266,Karma,KRM,33424385.61,0.0332444,1005414013,121747,-1.53,19.69,-2.3
267,Everex,EVX,33128205,2.00777,16500000,3878060,0.22,15.95,-10.49
268,Selfkey,KEY,33037582.82,0.017597,1877455408,781052,-1.88,13.98,-23.33
269,Humaniq,HMQ,32996683.91,0.202604,162862944,695797,-1.66,15.76,5.02
270,WhiteCoin,XWC,32955538.25,0.132508,248706027.2,84848.3,2.86,14.26,11.8
271,InsurePal,IPL,32674359,0.162559,,42608.5,-0.79,-0.85,-20.52
272,Dimecoin,DIME,32239063.28,0.000059802,539096740560,85035.2,2.21,10.72,0.49
273,Synereo,AMP,31878931.9,0.387556,82256324,588688,1.74,19.37,9.65
274,Trade Token,TIO,31851841.18,0.377904,84285535.96,556759,-0.22,10.75,-24.38
275,Flash,FLASH,31809330,0.0353437,900000000,48956.8,1.27,33,-6.03
276,Worldcore,WRC,30615759.62,0.174838,175109299,1972030,-4.82,13.57,-3.18
277,Agrello,DLT,30391898.01,0.353481,85978873,445551,-2.1,9.57,-15.86
278,Maecenas,ART,30176079.28,1.00086,30150150.15,1013.26,5.54,11.4,44.71
279,SunContract,SNC,30095388.58,0.26312,114378947.2,6308120,-0.92,9.29,-25.57
280,Rise,RISE,30058256.96,0.265675,113139200,24686200,-8.42,79.03,20.32
281,FairCoin,FAIR,29671572.39,0.557801,53193831.47,10583.2,0.17,12.75,6.35
282,VeriCoin,VRC,29337707.24,0.952797,30791141.49,820239,-2.26,17.76,-2.4
283,NoLimitCoin,NLC2,29188400.75,0.142077,205440717,25450.3,1.95,11.93,-5.21
284,iXledger,IXT,29077752.61,0.812708,35778843.83,786414,-0.81,4.88,17.15
285,LAToken,LA,28587610.87,0.367264,77839404,690419,-1.15,11.29,-11.46
286,Ormeus Coin,ORME,28426194.22,1.66925,17029321.08,5032440,-0.95,19.35,-0.39
287,Pascal Coin,PASC,28423030.94,1.60314,17729600,92711.5,-2.61,9.76,2.37
288,ColossusCoinXT,COLX,28387204.21,0.00264689,10724738924,102666,-13.67,-9.01,-30.78
289,Zeusshield,ZSC,27970502.86,0.0242553,1153170765,987614,-3.26,-2.46,-22.67
290,SHIELD,XSH,27878839.19,0.0578744,481712798.6,114674,0.29,10.2,1.75
291,Unobtanium,UNO,27767969.18,140.105,198193.9915,16831.5,-0.59,9.33,7.42
292,Moeda Loyalty...,MDA,27695183.23,1.41094,19628888,532743,-0.54,12.81,-6.38
293,Matchpool,GUP,27608550,0.368114,75000000,7811920,-1.53,25.88,12.76
294,Phore,PHR,27206689.13,3.23758,8403402.89,81973.7,2.79,16.35,26.03
295,Bodhi,BOT,27109000,0.677725,40000000,211691,1.91,7.98,2.31
296,LEOcoin,LEO,27051087.33,0.276641,97784085.99,17798.2,-0.68,3.18,7.58
297,Olympus Labs,MOT,26985779.41,0.759027,35553121.84,1233000,2.42,7.34,-5.16
298,BitClave,CAT,26772054.57,0.0533952,501394405.7,522981,-1.79,-6.16,-9.68
299,DomRaider,DRT,26703799.85,0.0451459,591500000,4179.22,-0.59,11.19,-15.16
300,Propy,PRO,26643939.28,1.59719,16681759.39,10080900,-0.83,7.95,-7.21
301,Elastic,XEL,26613469.76,0.29772,89390937,299014,-3.55,13.88,-3.54
302,PoSW Coin,POSW,25896357.9,0.587219,44100000,176206,-1.92,10.73,-1.48
303,Neumark,NEU,25801964.67,0.898139,28728253.28,117066,-0.39,13.91,-6.82
304,Playkey,PKT,25729752.33,1.88752,13631512.42,50624.4,-0.02,8.66,31.08
305,NVO,NVST,25410150,1.69401,15000000,2728.2,-1.58,31.37,23.15
306,MyBit Token,MYB,25328456.88,9.04757,2799476.199,58882.2,-0.88,27.9,16.22
307,GridCoin,GRC,25310025.63,0.0648455,390312753.2,99985.1,-2.1,5.99,5.18
308,Bean Cash,BITB,25277321.87,0.0107286,2356069000,197205,-1.94,19.6,41.51
309,BlackCoin,BLK,25140448.8,0.327955,76658226.89,360790,-0.78,11.15,10.3
310,Expanse,EXP,25137280.87,3.17936,7906396.531,305273,-0.48,12.16,10.85
311,QunQun,QUN,24837766.78,0.0710936,349367127,9240810,-1.04,10.21,-3.39
312,BlockMason Cr...,BCPT,24706317.9,0.547009,45166200,752974,0.02,16.94,-10.71
313,AirToken,AIR,23957010,0.0228162,1050000000,514698,1.48,42,3.33
314,Game.com,GTC,23938650,0.0797955,300000000,1136620,0.19,15.78,-19.56
315,Aeron,ARN,23934690,1.84113,13000000,977400,0.75,13.24,1.23
316,Soarcoin,SOAR,23885867.14,0.0241801,987831611,31918,-0.99,13.5,3.25
317,Boolberry,BBR,23726816.43,2.14537,11059545.17,20041.9,-1.07,25.06,-7.33
318,CanYaCoin,CAN,23563734.64,0.639452,36849888.09,331825,0.44,1.53,-18.72
319,Xenon,XNN,23360460,0.0778682,300000000,1099.4,-1.03,48.79,42.78
320,EncrypGen,DNA,23073993.57,0.369258,62487457.46,126549,-3.54,6.8,-17.28
321,NuShares,NSR,22934343.91,0.00825689,2777600756,8723.44,29.4,44.18,5.19
322,Peerplays,PPY,22768860.26,5.75713,3954897.712,661.826,-1,-3.44,-1.61
323,Swarm City,SWT,22519573,2.79781,8049000.112,4252760,0.08,25.15,17.34
324,Covesting,COV,22453900,1.28308,17500000,54747.7,-2.74,10.05,-15.14
325,Mothership,MSP,22367940,0.159771,140000000,223916,-0.87,-0.94,-14.54
326,HelloGold,HGT,22295264.44,0.0847617,263034654.1,47573.3,0.26,12.14,-9.11
327,BitConnect,BCC,22256684.32,2.41476,9216934.319,180651,1.1,8.65,-62.23
328,Universal Cur...,UNIT,21659246.99,1.67226,12952081.01,62732.7,-0.65,12.11,28.22
329,Numeraire,NMR,21607241.06,16.686,1294932.342,253146,-0.44,10.2,-5.24
330,Radium,RADS,21522381.43,6.24139,3448331.45,251097,-2.19,13.39,-1.86
331,NewYorkCoin,NYC,21391705.71,0.000161831,132185463284,32017,1.03,51.13,45.78
332,Open Trading ...,OTN,21180596.57,5.89598,3592379.31,63460.6,-2.38,12.14,-28.56
333,GET Protocol,GET,21113964.04,2.03324,10384393.4,10210,-0.58,41.69,62.1
334,Omni,OMNI,21108463.81,37.655,560575.3237,82552.9,-0.53,15.9,-0.22
335,OKCash,OK,20897687.66,0.283431,73731129.14,548538,-0.77,15.07,-4.24
336,Snovio,SNOV,20890054.55,0.0515802,405001426,734495,-1.28,23.29,-6.95
337,Stox,STX,20822228.31,0.494156,42136953.33,781308,0.06,11.52,-11.98
338,SolarCoin,SLR,20659384.86,0.530079,38974162.08,198085,-1.14,6.24,-10.33
339,Zoin,ZOI,20632205,1.24,16638875,359155,0.51,32.99,5.86
340,Hacken,HKN,20582053.89,5.53852,3716164.948,182916,-0.9,37.23,49.45
341,Myriad,XMY,20042392.58,0.0129204,1551220750,201681,0.45,22.2,3.14
342,Rubycoin,RBY,19973535.43,0.789811,25289006.39,22555.3,-1.46,19.25,7.82
343,MonetaryUnit,MUE,19840519.92,0.159622,124296900.9,124858,-2.91,12.52,-8.38
344,CoinMeet,MEE,19837996.2,0.102825,192929698,5171210,-2.6,37.35,-5.11
345,Profile Utili...,PUT,19788962.74,0.945784,20923342.69,3653880,-1.07,14.37,-28.38
346,Uquid Coin,UQC,19444700,1.94447,10000000,192213,-1.12,14.5,25.73
347,eBitcoin,EBTC,19224235.25,1.01731,18897126,310296,1.69,8.53,4.78
348,Bounty0x,BNTY,19222006.55,0.156437,122873786.6,383232,-3.24,15.48,-2.19
349,BitDice,CSNO,19219970,0.274571,70000000,54512.2,-1,25.7,5.33
350,Energycoin,ENRG,19120489.98,0.157214,121620784.3,32836.4,0.42,11.69,13.08
351,Waves Communi...,WCT,18877192.44,1.89272,,138187,-8.83,21.53,-2.54
352,OAX,OAX,18849821.54,0.753714,25009249.58,404322,-1.37,12.71,-6.52
353,LoMoCoin,LMC,18791240.01,0.0832465,225730090.9,115166,0.53,20.07,8.25
354,KickCoin,KICK,18552065.45,0.0577698,321137782.3,314902,-1.59,10.98,5.13
355,OracleChain,OCT,18400800,0.61336,30000000,67697,1.05,15.12,-5.72
356,Golos,GOLOS,18385836.92,0.147655,124518891.4,96061.3,-1.81,9,-23.38
357,Etheroll,DICE,18343901.26,2.61995,7001622.649,87018.6,1.16,11.53,6.12
358,Aurora DAO,AURA,18286400,0.182864,100000000,26743.6,-0.56,16.14,19.95
359,BitSend,BSD,18143916.22,1.00078,18129775,381685,-1.32,12.09,8.37
360,Oxycoin,OXY,17913992.57,0.187464,95559641.14,8178.37,-0.82,7.46,9.13
361,Viuly,VIU,17911118.25,0.0289701,618262217,1805970,-3.29,21.08,-16.47
362,Clams,CLAM,17728003.51,6.1942,2862032.791,155568,-1.54,13.41,8.06
363,GoByte,GBX,17698855.81,24.5956,719594.3913,317319,-2.33,4.5,15.43
364,Nexium,NXC,17593813.56,0.264485,66521026,58344.2,-1.52,16.92,0.88
365,Polybius,PLBT,17591746.82,4.60402,3820953.606,51896.6,2.16,11.91,4.09
366,Gambit,GAM,17517837.04,14.5948,1200279.349,20435.2,-6.5,9.46,3.77
367,Primas,PST,17496934.4,0.341737,51200000,312168,-3.67,7.46,-14.89
368,LUXCoin,LUX,17410363.02,17.1145,1017287.272,429183,-1.14,19.24,-5.97
369,Blackmoon,BMC,17403806.42,0.830918,20945275.49,533689,0.23,5.05,-2.02
370,Unity Ingot,UNY,17275019.8,0.0855199,202000000,5976220,8.01,668.9,3228.73
371,ALIS,ALIS,17217950.34,0.446771,38538648.09,33588.8,-1.62,7.77,8.15
372,LockChain,LOC,17057517.88,1.83553,9292966,131339,-8.49,21.21,28.74
373,NeosCoin,NEOS,17055424.94,4.62654,3686431.965,111106,-3.33,7.41,-4.32
374,Circuits of V...,COVAL,16917100,0.0169171,1000000000,326583,1.67,20.47,49.46
375,Xaurum,XAUR,16913868.99,0.133039,127134667.2,100667,-1.18,9.73,-6.32
376,ATBCoin,ATB,16879278.11,0.412572,40912321.02,2733980,-0.47,11.65,17.68
377,DecentBet,DBET,16765397.9,0.160366,104544591.1,18618.4,-1.03,1.47,-16.78
378,ProChain,PRA,16728978.18,0.360164,46448224.09,765791,-0.03,8.38,-14.52
379,bitUSD,BITUSD,16709556.75,1.13332,14743900,2464410,-0.3,-0.24,12.41
380,Voise,VOISE,16458200.06,0.0329898,498887536.7,1010130,-1.24,26.99,-14.03
381,Primecoin,XPM,16430320.36,0.732395,22433687.23,123658,-2.27,24.15,-1.8
382,Paragon,PRG,16419093.8,0.252848,64936617.25,108349,-0.35,12.25,-20.02
383,BLUE,BLUE,16408619.66,0.447769,36645278.39,41364.8,-2.04,3.75,-10.04
384,Hedge,HDG,16290663.9,4.3914,3709674.34,36007,-0.83,10.07,-8.7
385,Rivetz,RVT,16271727.74,0.620006,26244468.18,7458.05,-0.99,4.63,-17.27
386,Ecobit,ECOB,16201244.44,0.0364528,,3677.75,-1.1,9.75,-6.74
387,Auroracoin,AUR,16006561.56,1.84873,8658139.136,129375,-0.98,16.98,10.69
388,Databits,DTB,15860522.76,0.697233,22747808.5,35578.8,1.31,8.75,2.88
389,FlorinCoin,FLO,15803600.22,0.111389,141877566.2,382667,-1.3,27.63,4.34
390,Chronobank,TIME,15604871.04,21.9752,710112.8108,247927,-0.75,8.88,3.3
391,FoldingCoin,FLDC,15570904.38,0.0271028,574512758,114683,-2.16,11.53,7.78
392,Mintcoin,MINT,15467276.75,0.000619999,24947260808,44945.8,-0.99,30.11,7.75
393,Quantum,QAU,15408811.5,0.202505,76091017.53,10256.8,-1.27,19.33,16.9
394,ClearPoll,POLL,15289030.34,2.18415,6999991,364964,5.15,19.5,8.5
395,Aventus,AVT,15096420,2.51607,6000000,369237,-1,5.9,3.54
396,OneRoot Network,RNT,15041488.28,0.0810855,185501578.9,254234,0.4,8.81,-6.67
397,Neutron,NTRN,14995306.34,0.442856,33860456.54,38519.7,6.99,35.29,6.12
398,AICHAIN,AIT,14896137.5,0.0769684,193535756.2,124727,4.03,16.43,-2.1
399,Blockport,BPT,14791496.98,0.298238,49596285.45,96242,-5.68,6.79,-11.34
400,Patientory,PTOY,14768040,0.210972,70000000,1635710,-1.13,15.98,-3
401,DubaiCoin,DBIX,14747957.38,7.27552,2027065.747,85335.7,-1.74,8.76,-10.44
402,ICOS,ICOS,14727867.68,25.3209,581648.6651,236843,-1.2,7.17,-6.48
403,PRIZM,PZM,14639573.18,1.00715,14535643.33,13421.3,-0.71,7.52,19.6
404,Pandacoin,PND,14451579.96,0.00044446,32514916898,20610.7,0.58,5.4,4.46
405,E-Dinar Coin,EDR,14445787.13,0.0163006,886211987.7,27210.8,-0.09,14.64,39.35
406,Obsidian,ODN,14422300,0.576892,25000000,64555.4,-0.13,22.28,4.39
407,Exchange Union,XUC,14221440,7.11072,2000000,418403,-0.19,7.43,-4.68
408,Divi,DIVX,14198761.23,2.76079,5143006.615,65784,-1.07,10.61,8.04
409,Pirl,PIRL,14181647.49,1.45031,9778356,85620.5,-2.02,7.1,-1.14
410,Gatcoin,GAT,14064695.28,0.0265441,529861448.7,92401.5,-1.63,-3.48,-29.55
411,InvestFeed,IFT,13947081.35,0.0728759,191381257,24941.8,0.74,3.63,-16.43
412,Dai,DAI,13840156.62,0.997717,13871826,1223190,-0.29,-0.72,-1.15
413,LIFE,LIFE,13629376.21,0.000983816,13853582588,59952.2,-15.61,-10.83,-24.94
414,Syndicate,SYNX,13582688.05,0.746156,18203550,1818250,0.95,13.39,-1.27
415,Pluton,PLU,13504452.06,15.8876,849999.5,30988.8,-0.85,17.43,-19.55
416,Elixir,ELIX,13386299.89,0.430409,31101347.54,112257,-0.85,11.33,3.6
417,Mysterium,MYST,13280048.92,0.683516,19429024.22,174257,-0.6,9.36,15.22
418,Linda,LINDA,13215890.03,0.00220139,6003429666,144629,-0.53,15.37,-0.28
419,Incent,INCNT,13167282.53,0.286142,46016602,52388.1,-0.65,11.8,3.07
420,bitqy,BQ,13157101.28,0.00451624,2913286557,1230.38,-0.99,2.13,-2.1
421,Russian Miner...,RMC,13137212.22,8717.46,1507,23968,-1,1.75,1.93
422,Musicoin,MUSIC,12971134.37,0.0214518,604664148,92093.5,-1.36,11.85,-0.81
423,SportyCo,SPF,12965680.67,0.254568,50932091.5,902985,2.03,19.31,-14.08
424,Hackspace Cap...,HAC,12925292.06,0.0398549,324308731.3,386410,-0.99,13.87,2.63
425,Polis,POLIS,12885780.92,15.9439,808195.0412,162058,-1.34,15.72,14.33
426,Solaris,XLR,12794881.4,12.8277,997441.5832,88983.4,-8.73,11.16,-11.4
427,Global Curren...,GCR,12741663.69,0.122868,103702051.7,81418.5,-5.78,12.24,-0.51
428,Bitcrystals,BCY,12453615.44,0.537152,23184527.73,174679,-0.54,13.89,7.67
429,Flixxo,FLIXX,12404997.32,0.166515,74497776.87,34958.9,-1.77,10.88,0.6
430,Change,CAG,12209857.85,0.329019,37109886.82,1457480,3.25,9.83,-0.72
431,OBITS,OBITS,12193334,0.777904,15674599.95,26531.2,-3.15,6.44,-6.92
432,Internet of P...,IOP,12191046.61,3.69945,3295367.315,530518,6.53,21.36,9.47
433,Stealthcoin,XST,12107139.08,0.431249,28074590.51,34660.3,-0.57,16.75,15.02
434,BlockCAT,CAT,12060588.86,1.63864,7360121.112,38347.6,0.21,4.86,-6.33
435,CVCoin,CVCOIN,11999901.45,1.21987,9837033,16092,-0.25,7.53,1.06
436,Dynamic,DYN,11967965.01,2.5129,4762610.931,255462,-3.8,14.95,-10.69
437,Leverj,LEV,11942139.06,0.101127,118090510.6,38309.4,-5.43,5.41,-18.31
438,EarthCoin,EAC,11889472.89,0.00101345,11731681772,25294.3,7.08,23.72,0.43
439,NuBits,USNBT,11864557.42,0.988229,12005878.62,21191400,-0.8,0.02,-2.39
440,Block Array,ARY,11554187.99,0.168845,68430738.22,292502,-0.55,-1.25,-5.43
441,Sequence,SEQ,11494185.61,0.253314,45375248.17,49460.6,-1,10.25,9.56
442,MyWish,WISH,11481254.44,0.609892,18825061.56,104522,23.37,84.12,24.47
443,Autonio,NIO,11370296.27,0.172727,65828135,4030.6,-1,2.76,-13.98
444,Espers,ESP,11302458.58,0.000535703,21098367160,21510,-13.24,0.86,-8.65
445,Publica,PBL,11252597.45,0.605534,18582932.5,53298.6,0.07,13.88,10.92
446,PinkCoin,PINK,11160383.1,0.0292228,381906699.5,69147.7,-1.28,14.81,-4.98
447,RussiaCoin,RC,11130590.66,1.32857,8377872.943,1296.78,-1.03,4.92,-10.72
448,DopeCoin,DOPE,11088471.92,0.0948988,116845228,57386.1,-2.19,10.59,12.14
449,ArtByte,ABY,10933764.65,0.0137959,,98170.8,7.68,20.51,7.64
450,Sphere,SPHR,10915735.81,3.54069,3082940.276,629933,-6.15,14.15,-0.99
451,BitcoinZ,BTCZ,10897913.08,0.00993157,1097300133,160549,-3.51,14.89,62.73
452,Bulwark,BWK,10895573.74,5.03318,2164749.47,118608,-0.91,13.07,28.56
453,DCORP,DRP,10687401.8,1.32041,8094002.47,47745.5,-1.42,0.2,39.89
454,Elite,1337,10586606.67,0.000420436,25180067046,18313.9,-0.44,11.89,33.2
455,Payfair,PFR,10513826.59,0.138212,76070287.59,2172.7,-0.57,21.44,8.78
456,Hawala.Today,HAT,10487071.37,7.23168,1450157,51240.4,0.09,2.22,-31.41
457,Curecoin,CURE,10482631.72,0.439602,23845732.55,69011,0.41,5.76,-1.38
458,Dovu,DOVU,10417692.95,0.163304,63793250.34,23696.9,-1.21,-10.08,-33.71
459,Monoeci,XMCC,10331016.96,3.38166,3055013.501,48085.1,0.26,10.99,-9.79
460,Ethorse,HORSE,10302863.1,0.102683,100336600,22592.9,-0.56,14.95,-8.67
461,Spectre.ai Ut...,SXUT,10286835.4,0.434473,23676581.51,4650100,4.04,15.64,-22.77
462,Aigang,AIX,10281840.26,0.575772,17857485.7,192094,7.7,5.75,-25.39
463,ALQO,ALQO,10251304.1,0.944905,10849031.49,183179,-6.45,5.84,-3.05
464,Sprouts,SPRTS,10207912.21,0.00000377497,2704104193990,19672.6,3.14,20.04,9.78
465,Lampix,PIX,10176797.56,0.0752043,135322017,18766.4,-0.83,10.19,-12.39
466,Iungo,ING,10143600,0.25359,40000000,233002,1.21,-12.08,
467,Astro,ASTRO,9995846.404,3.0164,3313833.18,1582.72,-0.56,11.3,-10.75
468,Vcash,XVC,9788013.829,0.63603,15389232.94,26997.3,-1.42,15.36,1.06
469,ToaCoin,TOA,9711658.764,0.00729566,1331155614,34309.9,-0.08,17.42,3.89
470,Everus,EVR,9597525.333,0.370031,25937084.55,6776.74,-0.15,48.51,65.23
471,Hush,HUSH,9534420.73,2.99193,3186712.5,101879,2.52,1.93,-6.06
472,Rialto,XRL,9288793.026,0.128024,72555091.43,15130.5,-0.86,-25.65,-41.43
473,HEAT,HEAT,9277165.521,0.288243,,31297.8,-2.13,-12.27,-34.99
474,B2B,B2B,9026964.048,0.545007,16563024.05,166350,1.06,4.39,-15.66
475,Novacoin,NVC,8979264.887,4.53312,1980813.41,24276,-0.21,11.45,4.63
476,TIES Network,TIE,8931794.49,0.225768,39561826.7,109160,-3.77,13.99,-4.18
477,Memetic / Pep...,MEME,8899700.342,0.463163,19215050.3,419299,-1.06,13.27,-2.6
478,Pareto Network,PARETO,8794000,0.04397,200000000,41590.5,-0.2,0.22,-18.79
479,VeriumReserve,VRM,8791640.924,5.90181,1489651.636,93094.1,0.55,18.9,12.22
480,HyperStake,HYP,8693890.934,0.00767322,1133017291,11815.9,1.5,12.39,-1.5
481,Bitmark,BTM,8635408.464,1.06362,8118885,49208.7,-1.04,13.24,-14.5
482,Sumokoin,SUMO,8570971.822,3.03176,2827061.45,101954,-4.02,5.55,-5.83
483,Eroscoin,ERO,8474274.65,0.0453791,186744000,165229,-8.69,9.94,-12.17
484,Atmos,ATMS,8198847.12,0.0816627,100398922.9,20259,-0.99,21.37,5.29
485,GCN Coin,GCN,8164612.551,0.0000539586,151312535000,5102.87,8.92,31.96,3
486,Qwark,QWARK,8135816.221,0.161238,50458429.29,62743.5,-0.22,11.17,3
487,AdShares,ADST,8099379.824,0.417944,19379103,44288,-1.59,13.98,0.48
488,Verify,CRED,8015729.055,0.657969,12182533,27805.4,-11.28,5.25,-25.37
489,CHIPS,CHIPS,7922121.361,0.381739,20752716.81,1930.25,0.99,9.92,30.08
490,Dotcoin,DOT,7816035.984,0.0277582,281575750,75879.6,-0.87,1.37,8.28
491,Bitdeal,BDL,7752006.903,0.0441499,175583793,76559.7,-0.8,5.79,-24.54
492,onG.social,ONG,7700778.747,0.563675,13661735.48,42236.8,-0.53,9.72,-16.24
493,EncryptoTel [...,ETT,7652512.229,0.123167,62131189.6,863.626,-1.53,56.02,38.85
494,EuropeCoin,ERC,7652337.391,0.765256,9999709.105,14636,-0.99,11.41,21.19
495,vTorrent,VTR,7629387.604,0.705382,10815965.82,29802.4,-0.86,9.56,52.68
496,Innova,INN,7628399.701,4.26028,1790586.464,69871,-3.99,4.05,-11.56
497,Synergy,SNRG,7543645.292,2.21286,3409002.509,14489.7,2.37,22.33,15.68
498,BitBoost,BBT,7529072.887,0.581397,12949968.59,588.013,-2.87,4.86,37.23
499,FedoraCoin,TIPS,7491492.224,0.0000169044,443168182458,4968.61,-1.9,2.2,-18.48
500,Riecoin,RIC,7469161.247,0.180331,41419175,86740.1,-0.86,14.52,-18.35